version_cache,lat_origen,lon_origen,lat_destino,lon_destino,distancia_metros,tiempo_base_min,fuente_distancia,fuente_tiempo
pedemonte-vial-v1,-32.815600,-60.742100,-32.824800,-60.736900,1204.254000,,ANYLOGIC_ROUTE_PROVIDER,VELOCIDAD_BASE_CONFIG
pedemonte-vial-v1,-32.815600,-60.742100,-32.829200,-60.701800,5029.518000,,ANYLOGIC_ROUTE_PROVIDER,VELOCIDAD_BASE_CONFIG
pedemonte-vial-v1,-32.815600,-60.742100,-32.835700,-60.728600,5046.985000,,ANYLOGIC_ROUTE_PROVIDER,VELOCIDAD_BASE_CONFIG
pedemonte-vial-v1,-32.815600,-60.742100,-32.842900,-60.711500,6106.820000,,ANYLOGIC_ROUTE_PROVIDER,VELOCIDAD_BASE_CONFIG
pedemonte-vial-v1,-32.815600,-60.742100,-32.849501,-60.722653,6119.529000,,ANYLOGIC_ROUTE_PROVIDER,VELOCIDAD_BASE_CONFIG
pedemonte-vial-v1,-32.815600,-60.742100,-32.849900,-60.687500,9261.177000,,ANYLOGIC_ROUTE_PROVIDER,VELOCIDAD_BASE_CONFIG
pedemonte-vial-v1,-32.815600,-60.742100,-32.856200,-60.716800,7010.535000,,ANYLOGIC_ROUTE_PROVIDER,VELOCIDAD_BASE_CONFIG
pedemonte-vial-v1,-32.815600,-60.742100,-32.861700,-60.746300,6783.389000,,ANYLOGIC_ROUTE_PROVIDER,VELOCIDAD_BASE_CONFIG
pedemonte-vial-v1,-32.815600,-60.742100,-32.870300,-60.704900,10818.043000,,ANYLOGIC_ROUTE_PROVIDER,VELOCIDAD_BASE_CONFIG
pedemonte-vial-v1,-32.815600,-60.742100,-32.878500,-60.693800,11068.794000,,ANYLOGIC_ROUTE_PROVIDER,VELOCIDAD_BASE_CONFIG
pedemonte-vial-v1,-32.815600,-60.742100,-32.884300,-60.721600,9317.531000,,ANYLOGIC_ROUTE_PROVIDER,VELOCIDAD_BASE_CONFIG
pedemonte-vial-v1,-32.815600,-60.742100,-32.893000,-60.735200,11643.576000,,ANYLOGIC_ROUTE_PROVIDER,VELOCIDAD_BASE_CONFIG
pedemonte-vial-v1,-32.824800,-60.736900,-32.815600,-60.742100,1204.254000,,ANYLOGIC_ROUTE_PROVIDER,VELOCIDAD_BASE_CONFIG
pedemonte-vial-v1,-32.824800,-60.736900,-32.829200,-60.701800,4714.784000,,ANYLOGIC_ROUTE_PROVIDER,VELOCIDAD_BASE_CONFIG
pedemonte-vial-v1,-32.824800,-60.736900,-32.835700,-60.728600,2489.320000,,ANYLOGIC_ROUTE_PROVIDER,VELOCIDAD_BASE_CONFIG
pedemonte-vial-v1,-32.824800,-60.736900,-32.842900,-60.711500,5792.087000,,ANYLOGIC_ROUTE_PROVIDER,VELOCIDAD_BASE_CONFIG
pedemonte-vial-v1,-32.824800,-60.736900,-32.849501,-60.722653,6064.291000,,ANYLOGIC_ROUTE_PROVIDER,VELOCIDAD_BASE_CONFIG
pedemonte-vial-v1,-32.824800,-60.736900,-32.849900,-60.687500,9205.939000,,ANYLOGIC_ROUTE_PROVIDER,VELOCIDAD_BASE_CONFIG
pedemonte-vial-v1,-32.824800,-60.736900,-32.856200,-60.716800,6955.298000,,ANYLOGIC_ROUTE_PROVIDER,VELOCIDAD_BASE_CONFIG
pedemonte-vial-v1,-32.824800,-60.736900,-32.861700,-60.746300,6728.151000,,ANYLOGIC_ROUTE_PROVIDER,VELOCIDAD_BASE_CONFIG
pedemonte-vial-v1,-32.824800,-60.736900,-32.870300,-60.704900,10762.806000,,ANYLOGIC_ROUTE_PROVIDER,VELOCIDAD_BASE_CONFIG
pedemonte-vial-v1,-32.824800,-60.736900,-32.878500,-60.693800,11013.557000,,ANYLOGIC_ROUTE_PROVIDER,VELOCIDAD_BASE_CONFIG
pedemonte-vial-v1,-32.824800,-60.736900,-32.884300,-60.721600,9262.294000,,ANYLOGIC_ROUTE_PROVIDER,VELOCIDAD_BASE_CONFIG
pedemonte-vial-v1,-32.824800,-60.736900,-32.893000,-60.735200,11588.339000,,ANYLOGIC_ROUTE_PROVIDER,VELOCIDAD_BASE_CONFIG
pedemonte-vial-v1,-32.829200,-60.701800,-32.815600,-60.742100,5045.735000,,ANYLOGIC_ROUTE_PROVIDER,VELOCIDAD_BASE_CONFIG
pedemonte-vial-v1,-32.829200,-60.701800,-32.824800,-60.736900,4731.001000,,ANYLOGIC_ROUTE_PROVIDER,VELOCIDAD_BASE_CONFIG
pedemonte-vial-v1,-32.829200,-60.701800,-32.835700,-60.728600,3521.963000,,ANYLOGIC_ROUTE_PROVIDER,VELOCIDAD_BASE_CONFIG
pedemonte-vial-v1,-32.829200,-60.701800,-32.842900,-60.711500,2344.252000,,ANYLOGIC_ROUTE_PROVIDER,VELOCIDAD_BASE_CONFIG
pedemonte-vial-v1,-32.829200,-60.701800,-32.849501,-60.722653,4604.869000,,ANYLOGIC_ROUTE_PROVIDER,VELOCIDAD_BASE_CONFIG
pedemonte-vial-v1,-32.829200,-60.701800,-32.849900,-60.687500,4118.098000,,ANYLOGIC_ROUTE_PROVIDER,VELOCIDAD_BASE_CONFIG
pedemonte-vial-v1,-32.829200,-60.701800,-32.856200,-60.716800,4649.233000,,ANYLOGIC_ROUTE_PROVIDER,VELOCIDAD_BASE_CONFIG
pedemonte-vial-v1,-32.829200,-60.701800,-32.861700,-60.746300,8607.627000,,ANYLOGIC_ROUTE_PROVIDER,VELOCIDAD_BASE_CONFIG
pedemonte-vial-v1,-32.829200,-60.701800,-32.870300,-60.704900,5590.704000,,ANYLOGIC_ROUTE_PROVIDER,VELOCIDAD_BASE_CONFIG
pedemonte-vial-v1,-32.829200,-60.701800,-32.878500,-60.693800,6973.034000,,ANYLOGIC_ROUTE_PROVIDER,VELOCIDAD_BASE_CONFIG
pedemonte-vial-v1,-32.829200,-60.701800,-32.884300,-60.721600,8449.927000,,ANYLOGIC_ROUTE_PROVIDER,VELOCIDAD_BASE_CONFIG
pedemonte-vial-v1,-32.829200,-60.701800,-32.893000,-60.735200,10302.507000,,ANYLOGIC_ROUTE_PROVIDER,VELOCIDAD_BASE_CONFIG
pedemonte-vial-v1,-32.831000,-60.719000,-32.841000,-60.721000,1602.431000,,ANYLOGIC_ROUTE_PROVIDER,VELOCIDAD_BASE_CONFIG
pedemonte-vial-v1,-32.831000,-60.719000,-32.849501,-60.722653,4617.467000,,ANYLOGIC_ROUTE_PROVIDER,VELOCIDAD_BASE_CONFIG
pedemonte-vial-v1,-32.831000,-60.719000,-32.859501,-60.702653,4433.623000,,ANYLOGIC_ROUTE_PROVIDER,VELOCIDAD_BASE_CONFIG
pedemonte-vial-v1,-32.832150,-60.699350,-32.849501,-60.722653,4955.977000,,ANYLOGIC_ROUTE_PROVIDER,VELOCIDAD_BASE_CONFIG
pedemonte-vial-v1,-32.832150,-60.699350,-32.859250,-60.751050,9120.768000,,ANYLOGIC_ROUTE_PROVIDER,VELOCIDAD_BASE_CONFIG
pedemonte-vial-v1,-32.832150,-60.699350,-32.889450,-60.714250,8339.141000,,ANYLOGIC_ROUTE_PROVIDER,VELOCIDAD_BASE_CONFIG
pedemonte-vial-v1,-32.835700,-60.728600,-32.815600,-60.742100,5079.209000,,ANYLOGIC_ROUTE_PROVIDER,VELOCIDAD_BASE_CONFIG
pedemonte-vial-v1,-32.835700,-60.728600,-32.824800,-60.736900,2489.320000,,ANYLOGIC_ROUTE_PROVIDER,VELOCIDAD_BASE_CONFIG
pedemonte-vial-v1,-32.835700,-60.728600,-32.829200,-60.701800,3478.924000,,ANYLOGIC_ROUTE_PROVIDER,VELOCIDAD_BASE_CONFIG
pedemonte-vial-v1,-32.835700,-60.728600,-32.842900,-60.711500,3965.052000,,ANYLOGIC_ROUTE_PROVIDER,VELOCIDAD_BASE_CONFIG
pedemonte-vial-v1,-32.835700,-60.728600,-32.849501,-60.722653,2126.430000,,ANYLOGIC_ROUTE_PROVIDER,VELOCIDAD_BASE_CONFIG
pedemonte-vial-v1,-32.835700,-60.728600,-32.849900,-60.687500,5268.078000,,ANYLOGIC_ROUTE_PROVIDER,VELOCIDAD_BASE_CONFIG
pedemonte-vial-v1,-32.835700,-60.728600,-32.856200,-60.716800,3017.436000,,ANYLOGIC_ROUTE_PROVIDER,VELOCIDAD_BASE_CONFIG
pedemonte-vial-v1,-32.835700,-60.728600,-32.861700,-60.746300,5874.456000,,ANYLOGIC_ROUTE_PROVIDER,VELOCIDAD_BASE_CONFIG
pedemonte-vial-v1,-32.835700,-60.728600,-32.870300,-60.704900,6258.487000,,ANYLOGIC_ROUTE_PROVIDER,VELOCIDAD_BASE_CONFIG
pedemonte-vial-v1,-32.835700,-60.728600,-32.878500,-60.693800,7640.817000,,ANYLOGIC_ROUTE_PROVIDER,VELOCIDAD_BASE_CONFIG
pedemonte-vial-v1,-32.835700,-60.728600,-32.884300,-60.721600,8905.923000,,ANYLOGIC_ROUTE_PROVIDER,VELOCIDAD_BASE_CONFIG
pedemonte-vial-v1,-32.835700,-60.728600,-32.893000,-60.735200,11231.968000,,ANYLOGIC_ROUTE_PROVIDER,VELOCIDAD_BASE_CONFIG
pedemonte-vial-v1,-32.841000,-60.721000,-32.831000,-60.719000,1602.431000,,ANYLOGIC_ROUTE_PROVIDER,VELOCIDAD_BASE_CONFIG
pedemonte-vial-v1,-32.841000,-60.721000,-32.849501,-60.722653,1698.028000,,ANYLOGIC_ROUTE_PROVIDER,VELOCIDAD_BASE_CONFIG
pedemonte-vial-v1,-32.841000,-60.721000,-32.859501,-60.702653,4660.407000,,ANYLOGIC_ROUTE_PROVIDER,VELOCIDAD_BASE_CONFIG
pedemonte-vial-v1,-32.842900,-60.711500,-32.815600,-60.742100,5455.289000,,ANYLOGIC_ROUTE_PROVIDER,VELOCIDAD_BASE_CONFIG
pedemonte-vial-v1,-32.842900,-60.711500,-32.824800,-60.736900,5140.556000,,ANYLOGIC_ROUTE_PROVIDER,VELOCIDAD_BASE_CONFIG
pedemonte-vial-v1,-32.842900,-60.711500,-32.829200,-60.701800,2250.496000,,ANYLOGIC_ROUTE_PROVIDER,VELOCIDAD_BASE_CONFIG
pedemonte-vial-v1,-32.842900,-60.711500,-32.835700,-60.728600,3965.052000,,ANYLOGIC_ROUTE_PROVIDER,VELOCIDAD_BASE_CONFIG
pedemonte-vial-v1,-32.842900,-60.711500,-32.849501,-60.722653,2122.057000,,ANYLOGIC_ROUTE_PROVIDER,VELOCIDAD_BASE_CONFIG
pedemonte-vial-v1,-32.842900,-60.711500,-32.849900,-60.687500,2397.494000,,ANYLOGIC_ROUTE_PROVIDER,VELOCIDAD_BASE_CONFIG
pedemonte-vial-v1,-32.842900,-60.711500,-32.856200,-60.716800,2166.421000,,ANYLOGIC_ROUTE_PROVIDER,VELOCIDAD_BASE_CONFIG
pedemonte-vial-v1,-32.842900,-60.711500,-32.861700,-60.746300,6124.815000,,ANYLOGIC_ROUTE_PROVIDER,VELOCIDAD_BASE_CONFIG
pedemonte-vial-v1,-32.842900,-60.711500,-32.870300,-60.704900,3870.100000,,ANYLOGIC_ROUTE_PROVIDER,VELOCIDAD_BASE_CONFIG
pedemonte-vial-v1,-32.842900,-60.711500,-32.878500,-60.693800,5252.430000,,ANYLOGIC_ROUTE_PROVIDER,VELOCIDAD_BASE_CONFIG
pedemonte-vial-v1,-32.842900,-60.711500,-32.884300,-60.721600,6729.323000,,ANYLOGIC_ROUTE_PROVIDER,VELOCIDAD_BASE_CONFIG
pedemonte-vial-v1,-32.842900,-60.711500,-32.893000,-60.735200,8581.902000,,ANYLOGIC_ROUTE_PROVIDER,VELOCIDAD_BASE_CONFIG
pedemonte-vial-v1,-32.848000,-60.728000,-32.849501,-60.722653,900.821000,,ANYLOGIC_ROUTE_PROVIDER,VELOCIDAD_BASE_CONFIG
pedemonte-vial-v1,-32.849501,-60.722653,-32.815600,-60.742100,5620.166000,,ANYLOGIC_ROUTE_PROVIDER,VELOCIDAD_BASE_CONFIG
pedemonte-vial-v1,-32.849501,-60.722653,-32.824800,-60.736900,5380.200000,,ANYLOGIC_ROUTE_PROVIDER,VELOCIDAD_BASE_CONFIG
pedemonte-vial-v1,-32.849501,-60.722653,-32.829200,-60.701800,4632.182000,,ANYLOGIC_ROUTE_PROVIDER,VELOCIDAD_BASE_CONFIG
pedemonte-vial-v1,-32.849501,-60.722653,-32.831000,-60.719000,3203.462000,,ANYLOGIC_ROUTE_PROVIDER,VELOCIDAD_BASE_CONFIG
pedemonte-vial-v1,-32.849501,-60.722653,-32.832150,-60.699350,4921.196000,,ANYLOGIC_ROUTE_PROVIDER,VELOCIDAD_BASE_CONFIG
pedemonte-vial-v1,-32.849501,-60.722653,-32.835700,-60.728600,2126.430000,,ANYLOGIC_ROUTE_PROVIDER,VELOCIDAD_BASE_CONFIG
pedemonte-vial-v1,-32.849501,-60.722653,-32.841000,-60.721000,1698.028000,,ANYLOGIC_ROUTE_PROVIDER,VELOCIDAD_BASE_CONFIG
pedemonte-vial-v1,-32.849501,-60.722653,-32.842900,-60.711500,2122.057000,,ANYLOGIC_ROUTE_PROVIDER,VELOCIDAD_BASE_CONFIG
pedemonte-vial-v1,-32.849501,-60.722653,-32.848000,-60.728000,900.821000,,ANYLOGIC_ROUTE_PROVIDER,VELOCIDAD_BASE_CONFIG
pedemonte-vial-v1,-32.849501,-60.722653,-32.849900,-60.687500,3425.082000,,ANYLOGIC_ROUTE_PROVIDER,VELOCIDAD_BASE_CONFIG
pedemonte-vial-v1,-32.849501,-60.722653,-32.856200,-60.716800,1174.440000,,ANYLOGIC_ROUTE_PROVIDER,VELOCIDAD_BASE_CONFIG
pedemonte-vial-v1,-32.849501,-60.722653,-32.859250,-60.751050,4448.225000,,ANYLOGIC_ROUTE_PROVIDER,VELOCIDAD_BASE_CONFIG
pedemonte-vial-v1,-32.849501,-60.722653,-32.859501,-60.702653,3245.812000,,ANYLOGIC_ROUTE_PROVIDER,VELOCIDAD_BASE_CONFIG
pedemonte-vial-v1,-32.849501,-60.722653,-32.861700,-60.746300,4286.192000,,ANYLOGIC_ROUTE_PROVIDER,VELOCIDAD_BASE_CONFIG
pedemonte-vial-v1,-32.849501,-60.722653,-32.870300,-60.704900,4415.491000,,ANYLOGIC_ROUTE_PROVIDER,VELOCIDAD_BASE_CONFIG
pedemonte-vial-v1,-32.849501,-60.722653,-32.878500,-60.693800,5797.821000,,ANYLOGIC_ROUTE_PROVIDER,VELOCIDAD_BASE_CONFIG
pedemonte-vial-v1,-32.849501,-60.722653,-32.884300,-60.721600,7317.659000,,ANYLOGIC_ROUTE_PROVIDER,VELOCIDAD_BASE_CONFIG
pedemonte-vial-v1,-32.849501,-60.722653,-32.889450,-60.714250,7322.649000,,ANYLOGIC_ROUTE_PROVIDER,VELOCIDAD_BASE_CONFIG
pedemonte-vial-v1,-32.849501,-60.722653,-32.893000,-60.735200,9643.704000,,ANYLOGIC_ROUTE_PROVIDER,VELOCIDAD_BASE_CONFIG
pedemonte-vial-v1,-32.849900,-60.687500,-32.815600,-60.742100,8716.946000,,ANYLOGIC_ROUTE_PROVIDER,VELOCIDAD_BASE_CONFIG
pedemonte-vial-v1,-32.849900,-60.687500,-32.824800,-60.736900,8476.980000,,ANYLOGIC_ROUTE_PROVIDER,VELOCIDAD_BASE_CONFIG
pedemonte-vial-v1,-32.849900,-60.687500,-32.829200,-60.701800,4085.672000,,ANYLOGIC_ROUTE_PROVIDER,VELOCIDAD_BASE_CONFIG
pedemonte-vial-v1,-32.849900,-60.687500,-32.835700,-60.728600,5223.210000,,ANYLOGIC_ROUTE_PROVIDER,VELOCIDAD_BASE_CONFIG
pedemonte-vial-v1,-32.849900,-60.687500,-32.842900,-60.711500,2629.079000,,ANYLOGIC_ROUTE_PROVIDER,VELOCIDAD_BASE_CONFIG
pedemonte-vial-v1,-32.849900,-60.687500,-32.849501,-60.722653,3380.214000,,ANYLOGIC_ROUTE_PROVIDER,VELOCIDAD_BASE_CONFIG
pedemonte-vial-v1,-32.849900,-60.687500,-32.856200,-60.716800,3424.578000,,ANYLOGIC_ROUTE_PROVIDER,VELOCIDAD_BASE_CONFIG
pedemonte-vial-v1,-32.849900,-60.687500,-32.861700,-60.746300,7382.972000,,ANYLOGIC_ROUTE_PROVIDER,VELOCIDAD_BASE_CONFIG
pedemonte-vial-v1,-32.849900,-60.687500,-32.870300,-60.704900,4366.049000,,ANYLOGIC_ROUTE_PROVIDER,VELOCIDAD_BASE_CONFIG
pedemonte-vial-v1,-32.849900,-60.687500,-32.878500,-60.693800,5748.379000,,ANYLOGIC_ROUTE_PROVIDER,VELOCIDAD_BASE_CONFIG
pedemonte-vial-v1,-32.849900,-60.687500,-32.884300,-60.721600,7225.272000,,ANYLOGIC_ROUTE_PROVIDER,VELOCIDAD_BASE_CONFIG
pedemonte-vial-v1,-32.849900,-60.687500,-32.893000,-60.735200,9077.852000,,ANYLOGIC_ROUTE_PROVIDER,VELOCIDAD_BASE_CONFIG
pedemonte-vial-v1,-32.856200,-60.716800,-32.815600,-60.742100,6511.172000,,ANYLOGIC_ROUTE_PROVIDER,VELOCIDAD_BASE_CONFIG
pedemonte-vial-v1,-32.856200,-60.716800,-32.824800,-60.736900,6271.207000,,ANYLOGIC_ROUTE_PROVIDER,VELOCIDAD_BASE_CONFIG
pedemonte-vial-v1,-32.856200,-60.716800,-32.829200,-60.701800,4676.546000,,ANYLOGIC_ROUTE_PROVIDER,VELOCIDAD_BASE_CONFIG
pedemonte-vial-v1,-32.856200,-60.716800,-32.835700,-60.728600,3017.436000,,ANYLOGIC_ROUTE_PROVIDER,VELOCIDAD_BASE_CONFIG
pedemonte-vial-v1,-32.856200,-60.716800,-32.842900,-60.711500,2166.421000,,ANYLOGIC_ROUTE_PROVIDER,VELOCIDAD_BASE_CONFIG
pedemonte-vial-v1,-32.856200,-60.716800,-32.849501,-60.722653,1174.440000,,ANYLOGIC_ROUTE_PROVIDER,VELOCIDAD_BASE_CONFIG
pedemonte-vial-v1,-32.856200,-60.716800,-32.849900,-60.687500,3469.446000,,ANYLOGIC_ROUTE_PROVIDER,VELOCIDAD_BASE_CONFIG
pedemonte-vial-v1,-32.856200,-60.716800,-32.861700,-60.746300,4244.889000,,ANYLOGIC_ROUTE_PROVIDER,VELOCIDAD_BASE_CONFIG
pedemonte-vial-v1,-32.856200,-60.716800,-32.870300,-60.704900,2370.670000,,ANYLOGIC_ROUTE_PROVIDER,VELOCIDAD_BASE_CONFIG
pedemonte-vial-v1,-32.856200,-60.716800,-32.878500,-60.693800,4813.136000,,ANYLOGIC_ROUTE_PROVIDER,VELOCIDAD_BASE_CONFIG
pedemonte-vial-v1,-32.856200,-60.716800,-32.884300,-60.721600,4178.911000,,ANYLOGIC_ROUTE_PROVIDER,VELOCIDAD_BASE_CONFIG
pedemonte-vial-v1,-32.856200,-60.716800,-32.893000,-60.735200,8142.608000,,ANYLOGIC_ROUTE_PROVIDER,VELOCIDAD_BASE_CONFIG
pedemonte-vial-v1,-32.859250,-60.751050,-32.832150,-60.699350,9085.987000,,ANYLOGIC_ROUTE_PROVIDER,VELOCIDAD_BASE_CONFIG
pedemonte-vial-v1,-32.859250,-60.751050,-32.849501,-60.722653,4448.225000,,ANYLOGIC_ROUTE_PROVIDER,VELOCIDAD_BASE_CONFIG
pedemonte-vial-v1,-32.859250,-60.751050,-32.889450,-60.714250,7626.480000,,ANYLOGIC_ROUTE_PROVIDER,VELOCIDAD_BASE_CONFIG
pedemonte-vial-v1,-32.859501,-60.702653,-32.831000,-60.719000,4415.828000,,ANYLOGIC_ROUTE_PROVIDER,VELOCIDAD_BASE_CONFIG
pedemonte-vial-v1,-32.859501,-60.702653,-32.841000,-60.721000,4561.248000,,ANYLOGIC_ROUTE_PROVIDER,VELOCIDAD_BASE_CONFIG
pedemonte-vial-v1,-32.859501,-60.702653,-32.849501,-60.722653,3146.653000,,ANYLOGIC_ROUTE_PROVIDER,VELOCIDAD_BASE_CONFIG
pedemonte-vial-v1,-32.861700,-60.746300,-32.815600,-60.742100,7408.980000,,ANYLOGIC_ROUTE_PROVIDER,VELOCIDAD_BASE_CONFIG
pedemonte-vial-v1,-32.861700,-60.746300,-32.824800,-60.736900,7169.014000,,ANYLOGIC_ROUTE_PROVIDER,VELOCIDAD_BASE_CONFIG
pedemonte-vial-v1,-32.861700,-60.746300,-32.829200,-60.701800,8634.940000,,ANYLOGIC_ROUTE_PROVIDER,VELOCIDAD_BASE_CONFIG
pedemonte-vial-v1,-32.861700,-60.746300,-32.835700,-60.728600,5874.456000,,ANYLOGIC_ROUTE_PROVIDER,VELOCIDAD_BASE_CONFIG
pedemonte-vial-v1,-32.861700,-60.746300,-32.842900,-60.711500,6124.815000,,ANYLOGIC_ROUTE_PROVIDER,VELOCIDAD_BASE_CONFIG
pedemonte-vial-v1,-32.861700,-60.746300,-32.849501,-60.722653,4286.192000,,ANYLOGIC_ROUTE_PROVIDER,VELOCIDAD_BASE_CONFIG
pedemonte-vial-v1,-32.861700,-60.746300,-32.849900,-60.687500,7427.840000,,ANYLOGIC_ROUTE_PROVIDER,VELOCIDAD_BASE_CONFIG
pedemonte-vial-v1,-32.861700,-60.746300,-32.856200,-60.716800,4244.889000,,ANYLOGIC_ROUTE_PROVIDER,VELOCIDAD_BASE_CONFIG
pedemonte-vial-v1,-32.861700,-60.746300,-32.870300,-60.704900,4742.766000,,ANYLOGIC_ROUTE_PROVIDER,VELOCIDAD_BASE_CONFIG
pedemonte-vial-v1,-32.861700,-60.746300,-32.878500,-60.693800,9210.720000,,ANYLOGIC_ROUTE_PROVIDER,VELOCIDAD_BASE_CONFIG
pedemonte-vial-v1,-32.861700,-60.746300,-32.884300,-60.721600,4290.850000,,ANYLOGIC_ROUTE_PROVIDER,VELOCIDAD_BASE_CONFIG
pedemonte-vial-v1,-32.861700,-60.746300,-32.893000,-60.735200,6884.209000,,ANYLOGIC_ROUTE_PROVIDER,VELOCIDAD_BASE_CONFIG
pedemonte-vial-v1,-32.870300,-60.704900,-32.815600,-60.742100,10223.934000,,ANYLOGIC_ROUTE_PROVIDER,VELOCIDAD_BASE_CONFIG
pedemonte-vial-v1,-32.870300,-60.704900,-32.824800,-60.736900,9983.969000,,ANYLOGIC_ROUTE_PROVIDER,VELOCIDAD_BASE_CONFIG
pedemonte-vial-v1,-32.870300,-60.704900,-32.829200,-60.701800,5615.695000,,ANYLOGIC_ROUTE_PROVIDER,VELOCIDAD_BASE_CONFIG
pedemonte-vial-v1,-32.870300,-60.704900,-32.835700,-60.728600,6299.271000,,ANYLOGIC_ROUTE_PROVIDER,VELOCIDAD_BASE_CONFIG
pedemonte-vial-v1,-32.870300,-60.704900,-32.842900,-60.711500,3910.884000,,ANYLOGIC_ROUTE_PROVIDER,VELOCIDAD_BASE_CONFIG
pedemonte-vial-v1,-32.870300,-60.704900,-32.849501,-60.722653,4456.275000,,ANYLOGIC_ROUTE_PROVIDER,VELOCIDAD_BASE_CONFIG
pedemonte-vial-v1,-32.870300,-60.704900,-32.849900,-60.687500,4408.595000,,ANYLOGIC_ROUTE_PROVIDER,VELOCIDAD_BASE_CONFIG
pedemonte-vial-v1,-32.870300,-60.704900,-32.856200,-60.716800,2370.670000,,ANYLOGIC_ROUTE_PROVIDER,VELOCIDAD_BASE_CONFIG
pedemonte-vial-v1,-32.870300,-60.704900,-32.861700,-60.746300,4742.766000,,ANYLOGIC_ROUTE_PROVIDER,VELOCIDAD_BASE_CONFIG
pedemonte-vial-v1,-32.870300,-60.704900,-32.878500,-60.693800,2311.622000,,ANYLOGIC_ROUTE_PROVIDER,VELOCIDAD_BASE_CONFIG
pedemonte-vial-v1,-32.870300,-60.704900,-32.884300,-60.721600,3341.493000,,ANYLOGIC_ROUTE_PROVIDER,VELOCIDAD_BASE_CONFIG
pedemonte-vial-v1,-32.870300,-60.704900,-32.893000,-60.735200,5231.658000,,ANYLOGIC_ROUTE_PROVIDER,VELOCIDAD_BASE_CONFIG
pedemonte-vial-v1,-32.878500,-60.693800,-32.815600,-60.742100,11263.778000,,ANYLOGIC_ROUTE_PROVIDER,VELOCIDAD_BASE_CONFIG
pedemonte-vial-v1,-32.878500,-60.693800,-32.824800,-60.736900,11023.813000,,ANYLOGIC_ROUTE_PROVIDER,VELOCIDAD_BASE_CONFIG
pedemonte-vial-v1,-32.878500,-60.693800,-32.829200,-60.701800,6497.644000,,ANYLOGIC_ROUTE_PROVIDER,VELOCIDAD_BASE_CONFIG
pedemonte-vial-v1,-32.878500,-60.693800,-32.835700,-60.728600,7181.220000,,ANYLOGIC_ROUTE_PROVIDER,VELOCIDAD_BASE_CONFIG
pedemonte-vial-v1,-32.878500,-60.693800,-32.842900,-60.711500,4792.833000,,ANYLOGIC_ROUTE_PROVIDER,VELOCIDAD_BASE_CONFIG
pedemonte-vial-v1,-32.878500,-60.693800,-32.849501,-60.722653,5338.224000,,ANYLOGIC_ROUTE_PROVIDER,VELOCIDAD_BASE_CONFIG
pedemonte-vial-v1,-32.878500,-60.693800,-32.849900,-60.687500,5290.544000,,ANYLOGIC_ROUTE_PROVIDER,VELOCIDAD_BASE_CONFIG
pedemonte-vial-v1,-32.878500,-60.693800,-32.856200,-60.716800,4219.397000,,ANYLOGIC_ROUTE_PROVIDER,VELOCIDAD_BASE_CONFIG
pedemonte-vial-v1,-32.878500,-60.693800,-32.861700,-60.746300,6855.687000,,ANYLOGIC_ROUTE_PROVIDER,VELOCIDAD_BASE_CONFIG
pedemonte-vial-v1,-32.878500,-60.693800,-32.870300,-60.704900,1975.832000,,ANYLOGIC_ROUTE_PROVIDER,VELOCIDAD_BASE_CONFIG
pedemonte-vial-v1,-32.878500,-60.693800,-32.884300,-60.721600,4404.483000,,ANYLOGIC_ROUTE_PROVIDER,VELOCIDAD_BASE_CONFIG
pedemonte-vial-v1,-32.878500,-60.693800,-32.893000,-60.735200,6257.062000,,ANYLOGIC_ROUTE_PROVIDER,VELOCIDAD_BASE_CONFIG
pedemonte-vial-v1,-32.884300,-60.721600,-32.815600,-60.742100,10353.191000,,ANYLOGIC_ROUTE_PROVIDER,VELOCIDAD_BASE_CONFIG
pedemonte-vial-v1,-32.884300,-60.721600,-32.824800,-60.736900,10113.226000,,ANYLOGIC_ROUTE_PROVIDER,VELOCIDAD_BASE_CONFIG
pedemonte-vial-v1,-32.884300,-60.721600,-32.829200,-60.701800,8943.973000,,ANYLOGIC_ROUTE_PROVIDER,VELOCIDAD_BASE_CONFIG
pedemonte-vial-v1,-32.884300,-60.721600,-32.835700,-60.728600,9192.467000,,ANYLOGIC_ROUTE_PROVIDER,VELOCIDAD_BASE_CONFIG
pedemonte-vial-v1,-32.884300,-60.721600,-32.842900,-60.711500,7239.162000,,ANYLOGIC_ROUTE_PROVIDER,VELOCIDAD_BASE_CONFIG
pedemonte-vial-v1,-32.884300,-60.721600,-32.849501,-60.722653,7604.203000,,ANYLOGIC_ROUTE_PROVIDER,VELOCIDAD_BASE_CONFIG
pedemonte-vial-v1,-32.884300,-60.721600,-32.849900,-60.687500,7736.873000,,ANYLOGIC_ROUTE_PROVIDER,VELOCIDAD_BASE_CONFIG
pedemonte-vial-v1,-32.884300,-60.721600,-32.856200,-60.716800,4178.911000,,ANYLOGIC_ROUTE_PROVIDER,VELOCIDAD_BASE_CONFIG
pedemonte-vial-v1,-32.884300,-60.721600,-32.861700,-60.746300,4290.850000,,ANYLOGIC_ROUTE_PROVIDER,VELOCIDAD_BASE_CONFIG
pedemonte-vial-v1,-32.884300,-60.721600,-32.870300,-60.704900,3728.242000,,ANYLOGIC_ROUTE_PROVIDER,VELOCIDAD_BASE_CONFIG
pedemonte-vial-v1,-32.884300,-60.721600,-32.878500,-60.693800,4844.564000,,ANYLOGIC_ROUTE_PROVIDER,VELOCIDAD_BASE_CONFIG
pedemonte-vial-v1,-32.884300,-60.721600,-32.893000,-60.735200,2334.457000,,ANYLOGIC_ROUTE_PROVIDER,VELOCIDAD_BASE_CONFIG
pedemonte-vial-v1,-32.889450,-60.714250,-32.832150,-60.699350,8583.018000,,ANYLOGIC_ROUTE_PROVIDER,VELOCIDAD_BASE_CONFIG
pedemonte-vial-v1,-32.889450,-60.714250,-32.849501,-60.722653,6954.234000,,ANYLOGIC_ROUTE_PROVIDER,VELOCIDAD_BASE_CONFIG
pedemonte-vial-v1,-32.889450,-60.714250,-32.859250,-60.751050,8905.081000,,ANYLOGIC_ROUTE_PROVIDER,VELOCIDAD_BASE_CONFIG
pedemonte-vial-v1,-32.893000,-60.735200,-32.815600,-60.742100,12051.384000,,ANYLOGIC_ROUTE_PROVIDER,VELOCIDAD_BASE_CONFIG
pedemonte-vial-v1,-32.893000,-60.735200,-32.824800,-60.736900,11811.419000,,ANYLOGIC_ROUTE_PROVIDER,VELOCIDAD_BASE_CONFIG
pedemonte-vial-v1,-32.893000,-60.735200,-32.829200,-60.701800,10611.009000,,ANYLOGIC_ROUTE_PROVIDER,VELOCIDAD_BASE_CONFIG
pedemonte-vial-v1,-32.893000,-60.735200,-32.835700,-60.728600,10890.661000,,ANYLOGIC_ROUTE_PROVIDER,VELOCIDAD_BASE_CONFIG
pedemonte-vial-v1,-32.893000,-60.735200,-32.842900,-60.711500,8906.197000,,ANYLOGIC_ROUTE_PROVIDER,VELOCIDAD_BASE_CONFIG
pedemonte-vial-v1,-32.893000,-60.735200,-32.849501,-60.722653,9302.397000,,ANYLOGIC_ROUTE_PROVIDER,VELOCIDAD_BASE_CONFIG
pedemonte-vial-v1,-32.893000,-60.735200,-32.849900,-60.687500,9403.909000,,ANYLOGIC_ROUTE_PROVIDER,VELOCIDAD_BASE_CONFIG
pedemonte-vial-v1,-32.893000,-60.735200,-32.856200,-60.716800,10193.403000,,ANYLOGIC_ROUTE_PROVIDER,VELOCIDAD_BASE_CONFIG
pedemonte-vial-v1,-32.893000,-60.735200,-32.861700,-60.746300,7123.374000,,ANYLOGIC_ROUTE_PROVIDER,VELOCIDAD_BASE_CONFIG
pedemonte-vial-v1,-32.893000,-60.735200,-32.870300,-60.704900,5395.277000,,ANYLOGIC_ROUTE_PROVIDER,VELOCIDAD_BASE_CONFIG
pedemonte-vial-v1,-32.893000,-60.735200,-32.878500,-60.693800,6511.599000,,ANYLOGIC_ROUTE_PROVIDER,VELOCIDAD_BASE_CONFIG
pedemonte-vial-v1,-32.893000,-60.735200,-32.884300,-60.721600,2367.045000,,ANYLOGIC_ROUTE_PROVIDER,VELOCIDAD_BASE_CONFIG
